{"CS_BigWin": [{"duration": 16.024173, "start": 5.503605}], "CS_BonusAlarm": [{"duration": 4.032402999999999, "start": 22.527778}], "CS_PressButton": [{"duration": 0.039954999999999075, "start": 43.560181}], "CS_PressSpinButton": [{"duration": 0.30528400000000033, "start": 44.600136}], "CS_MegaWin": [{"duration": 15.0, "start": 27.560181}], "BS_SpinStop": [{"duration": 0.206191, "start": 2.933061}, {"duration": 0.36435300000000037, "start": 4.139252}], "BS_ReelSpeedUp": [{"duration": 1.933061, "start": 0}], "empty": [{"duration": 1.0, "start": 45.90542}]}